,Word,Frequency
0,abandon,"0       0.0
1       0.0
2       0.0
3       0.0
4       0.0
       ... 
1491    0.0
1492    0.0
1493    0.0
1494    0.0
1495    0.0
Name: abandon, Length: 1496, dtype: float64"
1,abanyarwanda,"0       0.0
1       0.0
2       0.0
3       0.0
4       0.0
       ... 
1491    0.0
1492    0.0
1493    0.0
1494    0.0
1495    0.0
Name: abanyarwanda, Length: 1496, dtype: float64"
2,abid,"0       0.0
1       0.0
2       0.0
3       0.0
4       0.0
       ... 
1491    0.0
1492    0.0
1493    0.0
1494    0.0
1495    0.0
Name: abid, Length: 1496, dtype: float64"
3,abl,"0       0.0
1       0.0
2       0.0
3       0.0
4       0.0
       ... 
1491    0.0
1492    0.0
1493    0.0
1494    0.0
1495    0.0
Name: abl, Length: 1496, dtype: float64"
4,ablaz,"0       0.0
1       0.0
2       0.0
3       0.0
4       0.0
       ... 
1491    0.0
1492    0.0
1493    0.0
1494    0.0
1495    0.0
Name: ablaz, Length: 1496, dtype: float64"
5,abound,"0       0.000000
1       0.000000
2       0.000000
3       0.000000
4       0.000000
          ...   
1491    0.000000
1492    0.000000
1493    0.000000
1494    0.245748
1495    0.000000
Name: abound, Length: 1496, dtype: float64"
6,absolut,"0       0.0
1       0.0
2       0.0
3       0.0
4       0.0
       ... 
1491    0.0
1492    0.0
1493    0.0
1494    0.0
1495    0.0
Name: absolut, Length: 1496, dtype: float64"
7,abstain,"0       0.000000
1       0.410405
2       0.000000
3       0.000000
4       0.000000
          ...   
1491    0.000000
1492    0.000000
1493    0.000000
1494    0.000000
1495    0.000000
Name: abstain, Length: 1496, dtype: float64"
8,abund,"0       0.0
1       0.0
2       0.0
3       0.0
4       0.0
       ... 
1491    0.0
1492    0.0
1493    0.0
1494    0.0
1495    0.0
Name: abund, Length: 1496, dtype: float64"
9,abyss,"0       0.0
1       0.0
2       0.0
3       0.0
4       0.0
       ... 
1491    0.0
1492    0.0
1493    0.0
1494    0.0
1495    0.0
Name: abyss, Length: 1496, dtype: float64"
10,acced,"0       0.0
1       0.0
2       0.0
3       0.0
4       0.0
       ... 
1491    0.0
1492    0.0
1493    0.0
1494    0.0
1495    0.0
Name: acced, Length: 1496, dtype: float64"
11,accent,"0       0.0
1       0.0
2       0.0
3       0.0
4       0.0
       ... 
1491    0.0
1492    0.0
1493    0.0
1494    0.0
1495    0.0
Name: accent, Length: 1496, dtype: float64"
12,accept,"0       0.0
1       0.0
2       0.0
3       0.0
4       0.0
       ... 
1491    0.0
1492    0.0
1493    0.0
1494    0.0
1495    0.0
Name: accept, Length: 1496, dtype: float64"
13,acclaim,"0       0.0
1       0.0
2       0.0
3       0.0
4       0.0
       ... 
1491    0.0
1492    0.0
1493    0.0
1494    0.0
1495    0.0
Name: acclaim, Length: 1496, dtype: float64"
14,accompani,"0       0.0
1       0.0
2       0.0
3       0.0
4       0.0
       ... 
1491    0.0
1492    0.0
1493    0.0
1494    0.0
1495    0.0
Name: accompani, Length: 1496, dtype: float64"
15,accomplic,"0       0.0
1       0.0
2       0.0
3       0.0
4       0.0
       ... 
1491    0.0
1492    0.0
1493    0.0
1494    0.0
1495    0.0
Name: accomplic, Length: 1496, dtype: float64"
16,accord,"0       0.0
1       0.0
2       0.0
3       0.0
4       0.0
       ... 
1491    0.0
1492    0.0
1493    0.0
1494    0.0
1495    0.0
Name: accord, Length: 1496, dtype: float64"
17,achiev,"0       0.0
1       0.0
2       0.0
3       0.0
4       0.0
       ... 
1491    0.0
1492    0.0
1493    0.0
1494    0.0
1495    0.0
Name: achiev, Length: 1496, dtype: float64"
18,acquir,"0       0.0
1       0.0
2       0.0
3       0.0
4       0.0
       ... 
1491    0.0
1492    0.0
1493    0.0
1494    0.0
1495    0.0
Name: acquir, Length: 1496, dtype: float64"
19,acquisit,"0       0.0
1       0.0
2       0.0
3       0.0
4       0.0
       ... 
1491    0.0
1492    0.0
1493    0.0
1494    0.0
1495    0.0
Name: acquisit, Length: 1496, dtype: float64"
20,across,"0       0.0
1       0.0
2       0.0
3       0.0
4       0.0
       ... 
1491    0.0
1492    0.0
1493    0.0
1494    0.0
1495    0.0
Name: across, Length: 1496, dtype: float64"
21,action,"0       0.0
1       0.0
2       0.0
3       0.0
4       0.0
       ... 
1491    0.0
1492    0.0
1493    0.0
1494    0.0
1495    0.0
Name: action, Length: 1496, dtype: float64"
22,address,"0       0.0
1       0.0
2       0.0
3       0.0
4       0.0
       ... 
1491    0.0
1492    0.0
1493    0.0
1494    0.0
1495    0.0
Name: address, Length: 1496, dtype: float64"
23,adhan,"0       0.0
1       0.0
2       0.0
3       0.0
4       0.0
       ... 
1491    0.0
1492    0.0
1493    0.0
1494    0.0
1495    0.0
Name: adhan, Length: 1496, dtype: float64"
24,adig,"0       0.0
1       0.0
2       0.0
3       0.0
4       0.0
       ... 
1491    0.0
1492    0.0
1493    0.0
1494    0.0
1495    0.0
Name: adig, Length: 1496, dtype: float64"
25,admir,"0       0.0
1       0.0
2       0.0
3       0.0
4       0.0
       ... 
1491    0.0
1492    0.0
1493    0.0
1494    0.0
1495    0.0
Name: admir, Length: 1496, dtype: float64"
26,ador,"0       0.0
1       0.0
2       0.0
3       0.0
4       0.0
       ... 
1491    0.0
1492    0.0
1493    0.0
1494    0.0
1495    0.0
Name: ador, Length: 1496, dtype: float64"
27,adorn,"0       0.000000
1       0.000000
2       0.000000
3       0.000000
4       0.000000
          ...   
1491    0.000000
1492    0.000000
1493    0.000000
1494    0.222131
1495    0.000000
Name: adorn, Length: 1496, dtype: float64"
28,advanc,"0       0.0
1       0.0
2       0.0
3       0.0
4       0.0
       ... 
1491    0.0
1492    0.0
1493    0.0
1494    0.0
1495    0.0
Name: advanc, Length: 1496, dtype: float64"
29,advers,"0       0.0
1       0.0
2       0.0
3       0.0
4       0.0
       ... 
1491    0.0
1492    0.0
1493    0.0
1494    0.0
1495    0.0
Name: advers, Length: 1496, dtype: float64"
30,afar,"0       0.0
1       0.0
2       0.0
3       0.0
4       0.0
       ... 
1491    0.0
1492    0.0
1493    0.0
1494    0.0
1495    0.0
Name: afar, Length: 1496, dtype: float64"
31,affect,"0       0.0
1       0.0
2       0.0
3       0.0
4       0.0
       ... 
1491    0.0
1492    0.0
1493    0.0
1494    0.0
1495    0.0
Name: affect, Length: 1496, dtype: float64"
32,affront,"0       0.0
1       0.0
2       0.0
3       0.0
4       0.0
       ... 
1491    0.0
1492    0.0
1493    0.0
1494    0.0
1495    0.0
Name: affront, Length: 1496, dtype: float64"
33,afghan,"0       0.0
1       0.0
2       0.0
3       0.0
4       0.0
       ... 
1491    0.0
1492    0.0
1493    0.0
1494    0.0
1495    0.0
Name: afghan, Length: 1496, dtype: float64"
34,afghanistan,"0       0.0
1       0.0
2       0.0
3       0.0
4       0.0
       ... 
1491    0.0
1492    0.0
1493    0.0
1494    0.0
1495    0.0
Name: afghanistan, Length: 1496, dtype: float64"
35,afraid,"0       0.0
1       0.0
2       0.0
3       0.0
4       0.0
       ... 
1491    0.0
1492    0.0
1493    0.0
1494    0.0
1495    0.0
Name: afraid, Length: 1496, dtype: float64"
36,africa,"0       0.0
1       0.0
2       0.0
3       0.0
4       0.0
       ... 
1491    0.0
1492    0.0
1493    0.0
1494    0.0
1495    0.0
Name: africa, Length: 1496, dtype: float64"
37,african,"0       0.0
1       0.0
2       0.0
3       0.0
4       0.0
       ... 
1491    0.0
1492    0.0
1493    0.0
1494    0.0
1495    0.0
Name: african, Length: 1496, dtype: float64"
38,age,"0       0.0
1       0.0
2       0.0
3       0.0
4       0.0
       ... 
1491    0.0
1492    0.0
1493    0.0
1494    0.0
1495    0.0
Name: age, Length: 1496, dtype: float64"
39,agent,"0       0.0
1       0.0
2       0.0
3       0.0
4       0.0
       ... 
1491    0.0
1492    0.0
1493    0.0
1494    0.0
1495    0.0
Name: agent, Length: 1496, dtype: float64"
40,aggressor,"0       0.0
1       0.0
2       0.0
3       0.0
4       0.0
       ... 
1491    0.0
1492    0.0
1493    0.0
1494    0.0
1495    0.0
Name: aggressor, Length: 1496, dtype: float64"
41,agit,"0       0.0
1       0.0
2       0.0
3       0.0
4       0.0
       ... 
1491    0.0
1492    0.0
1493    0.0
1494    0.0
1495    0.0
Name: agit, Length: 1496, dtype: float64"
42,ago,"0       0.0
1       0.0
2       0.0
3       0.0
4       0.0
       ... 
1491    0.0
1492    0.0
1493    0.0
1494    0.0
1495    0.0
Name: ago, Length: 1496, dtype: float64"
43,agoni,"0       0.0
1       0.0
2       0.0
3       0.0
4       0.0
       ... 
1491    0.0
1492    0.0
1493    0.0
1494    0.0
1495    0.0
Name: agoni, Length: 1496, dtype: float64"
44,agre,"0       0.0
1       0.0
2       0.0
3       0.0
4       0.0
       ... 
1491    0.0
1492    0.0
1493    0.0
1494    0.0
1495    0.0
Name: agre, Length: 1496, dtype: float64"
45,agress,"0       0.0
1       0.0
2       0.0
3       0.0
4       0.0
       ... 
1491    0.0
1492    0.0
1493    0.0
1494    0.0
1495    0.0
Name: agress, Length: 1496, dtype: float64"
46,ah,"0       0.0
1       0.0
2       0.0
3       0.0
4       0.0
       ... 
1491    0.0
1492    0.0
1493    0.0
1494    0.0
1495    0.0
Name: ah, Length: 1496, dtype: float64"
47,ahead,"0       0.0
1       0.0
2       0.0
3       0.0
4       0.0
       ... 
1491    0.0
1492    0.0
1493    0.0
1494    0.0
1495    0.0
Name: ahead, Length: 1496, dtype: float64"
48,aid,"0       0.0
1       0.0
2       0.0
3       0.0
4       0.0
       ... 
1491    0.0
1492    0.0
1493    0.0
1494    0.0
1495    0.0
Name: aid, Length: 1496, dtype: float64"
49,aimaq,"0       0.0
1       0.0
2       0.0
3       0.0
4       0.0
       ... 
1491    0.0
1492    0.0
1493    0.0
1494    0.0
1495    0.0
Name: aimaq, Length: 1496, dtype: float64"
50,air,"0       0.0
1       0.0
2       0.0
3       0.0
4       0.0
       ... 
1491    0.0
1492    0.0
1493    0.0
1494    0.0
1495    0.0
Name: air, Length: 1496, dtype: float64"
51,al,"0       0.0
1       0.0
2       0.0
3       0.0
4       0.0
       ... 
1491    0.0
1492    0.0
1493    0.0
1494    0.0
1495    0.0
Name: al, Length: 1496, dtype: float64"
52,ala,"0       0.0
1       0.0
2       0.0
3       0.0
4       0.0
       ... 
1491    0.0
1492    0.0
1493    0.0
1494    0.0
1495    0.0
Name: ala, Length: 1496, dtype: float64"
53,albania,"0       0.000000
1       0.000000
2       0.000000
3       0.404051
4       0.000000
          ...   
1491    0.000000
1492    0.000000
1493    0.000000
1494    0.000000
1495    0.000000
Name: albania, Length: 1496, dtype: float64"
54,algeria,"0       0.0
1       0.0
2       0.0
3       0.0
4       0.0
       ... 
1491    0.0
1492    0.0
1493    0.0
1494    0.0
1495    0.0
Name: algeria, Length: 1496, dtype: float64"
55,alight,"0       0.0
1       0.0
2       0.0
3       0.0
4       0.0
       ... 
1491    0.0
1492    0.0
1493    0.0
1494    0.0
1495    0.0
Name: alight, Length: 1496, dtype: float64"
56,aliv,"0       0.0
1       0.0
2       0.0
3       0.0
4       0.0
       ... 
1491    0.0
1492    0.0
1493    0.0
1494    0.0
1495    0.0
Name: aliv, Length: 1496, dtype: float64"
57,allah,"0       0.0
1       0.0
2       0.0
3       0.0
4       0.0
       ... 
1491    0.0
1492    0.0
1493    0.0
1494    0.0
1495    0.0
Name: allah, Length: 1496, dtype: float64"
58,allegi,"0       0.0
1       0.0
2       0.0
3       0.0
4       0.0
       ... 
1491    0.0
1492    0.0
1493    0.0
1494    0.0
1495    0.0
Name: allegi, Length: 1496, dtype: float64"
59,allow,"0       0.0
1       0.0
2       0.0
3       0.0
4       0.0
       ... 
1491    0.0
1492    0.0
1493    0.0
1494    0.0
1495    0.0
Name: allow, Length: 1496, dtype: float64"
60,almighti,"0       0.000000
1       0.000000
2       0.000000
3       0.000000
4       0.000000
          ...   
1491    0.000000
1492    0.000000
1493    0.268448
1494    0.222131
1495    0.243153
Name: almighti, Length: 1496, dtype: float64"
61,almost,"0       0.0
1       0.0
2       0.0
3       0.0
4       0.0
       ... 
1491    0.0
1492    0.0
1493    0.0
1494    0.0
1495    0.0
Name: almost, Length: 1496, dtype: float64"
62,aloft,"0       0.0
1       0.0
2       0.0
3       0.0
4       0.0
       ... 
1491    0.0
1492    0.0
1493    0.0
1494    0.0
1495    0.0
Name: aloft, Length: 1496, dtype: float64"
63,alon,"0       0.0
1       0.0
2       0.0
3       0.0
4       0.0
       ... 
1491    0.0
1492    0.0
1493    0.0
1494    0.0
1495    0.0
Name: alon, Length: 1496, dtype: float64"
64,along,"0       0.0
1       0.0
2       0.0
3       0.0
4       0.0
       ... 
1491    0.0
1492    0.0
1493    0.0
1494    0.0
1495    0.0
Name: along, Length: 1496, dtype: float64"
65,aloud,"0       0.0
1       0.0
2       0.0
3       0.0
4       0.0
       ... 
1491    0.0
1492    0.0
1493    0.0
1494    0.0
1495    0.0
Name: aloud, Length: 1496, dtype: float64"
66,alp,"0       0.0
1       0.0
2       0.0
3       0.0
4       0.0
       ... 
1491    0.0
1492    0.0
1493    0.0
1494    0.0
1495    0.0
Name: alp, Length: 1496, dtype: float64"
67,alpin,"0       0.0
1       0.0
2       0.0
3       0.0
4       0.0
       ... 
1491    0.0
1492    0.0
1493    0.0
1494    0.0
1495    0.0
Name: alpin, Length: 1496, dtype: float64"
68,alreadi,"0       0.0
1       0.0
2       0.0
3       0.0
4       0.0
       ... 
1491    0.0
1492    0.0
1493    0.0
1494    0.0
1495    0.0
Name: alreadi, Length: 1496, dtype: float64"
69,also,"0       0.0
1       0.0
2       0.0
3       0.0
4       0.0
       ... 
1491    0.0
1492    0.0
1493    0.0
1494    0.0
1495    0.0
Name: also, Length: 1496, dtype: float64"
70,altar,"0       0.0
1       0.0
2       0.0
3       0.0
4       0.0
       ... 
1491    0.0
1492    0.0
1493    0.0
1494    0.0
1495    0.0
Name: altar, Length: 1496, dtype: float64"
71,although,"0       0.0
1       0.0
2       0.0
3       0.0
4       0.0
       ... 
1491    0.0
1492    0.0
1493    0.0
1494    0.0
1495    0.0
Name: although, Length: 1496, dtype: float64"
72,alway,"0       0.0
1       0.0
2       0.0
3       0.0
4       0.0
       ... 
1491    0.0
1492    0.0
1493    0.0
1494    0.0
1495    0.0
Name: alway, Length: 1496, dtype: float64"
73,alzett,"0       0.0
1       0.0
2       0.0
3       0.0
4       0.0
       ... 
1491    0.0
1492    0.0
1493    0.0
1494    0.0
1495    0.0
Name: alzett, Length: 1496, dtype: float64"
74,amaz,"0       0.0
1       0.0
2       0.0
3       0.0
4       0.0
       ... 
1491    0.0
1492    0.0
1493    0.0
1494    0.0
1495    0.0
Name: amaz, Length: 1496, dtype: float64"
75,ambit,"0       0.0
1       0.0
2       0.0
3       0.0
4       0.0
       ... 
1491    0.0
1492    0.0
1493    0.0
1494    0.0
1495    0.0
Name: ambit, Length: 1496, dtype: float64"
76,ambiti,"0       0.0
1       0.0
2       0.0
3       0.0
4       0.0
       ... 
1491    0.0
1492    0.0
1493    0.0
1494    0.0
1495    0.0
Name: ambiti, Length: 1496, dtype: float64"
77,america,"0       0.0
1       0.0
2       0.0
3       0.0
4       0.0
       ... 
1491    0.0
1492    0.0
1493    0.0
1494    0.0
1495    0.0
Name: america, Length: 1496, dtype: float64"
78,american,"0       0.0
1       0.0
2       0.0
3       0.0
4       0.0
       ... 
1491    0.0
1492    0.0
1493    0.0
1494    0.0
1495    0.0
Name: american, Length: 1496, dtype: float64"
79,amidst,"0       0.0
1       0.0
2       0.0
3       0.0
4       0.0
       ... 
1491    0.0
1492    0.0
1493    0.0
1494    0.0
1495    0.0
Name: amidst, Length: 1496, dtype: float64"
80,amir,"0       0.0
1       0.0
2       0.0
3       0.0
4       0.0
       ... 
1491    0.0
1492    0.0
1493    0.0
1494    0.0
1495    0.0
Name: amir, Length: 1496, dtype: float64"
81,amjad,"0       0.0
1       0.0
2       0.0
3       0.0
4       0.0
       ... 
1491    0.0
1492    0.0
1493    0.0
1494    0.0
1495    0.0
Name: amjad, Length: 1496, dtype: float64"
82,among,"0       0.0
1       0.0
2       0.0
3       0.0
4       0.0
       ... 
1491    0.0
1492    0.0
1493    0.0
1494    0.0
1495    0.0
Name: among, Length: 1496, dtype: float64"
83,amongst,"0       0.0
1       0.0
2       0.0
3       0.0
4       0.0
       ... 
1491    0.0
1492    0.0
1493    0.0
1494    0.0
1495    0.0
Name: amongst, Length: 1496, dtype: float64"
84,ampli,"0       0.0
1       0.0
2       0.0
3       0.0
4       0.0
       ... 
1491    0.0
1492    0.0
1493    0.0
1494    0.0
1495    0.0
Name: ampli, Length: 1496, dtype: float64"
85,ancestor,"0       0.0
1       0.0
2       0.0
3       0.0
4       0.0
       ... 
1491    0.0
1492    0.0
1493    0.0
1494    0.0
1495    0.0
Name: ancestor, Length: 1496, dtype: float64"
86,ancestr,"0       0.0
1       0.0
2       0.0
3       0.0
4       0.0
       ... 
1491    0.0
1492    0.0
1493    0.0
1494    0.0
1495    0.0
Name: ancestr, Length: 1496, dtype: float64"
87,ancestri,"0       0.0
1       0.0
2       0.0
3       0.0
4       0.0
       ... 
1491    0.0
1492    0.0
1493    0.0
1494    0.0
1495    0.0
Name: ancestri, Length: 1496, dtype: float64"
88,ancient,"0       0.0
1       0.0
2       0.0
3       0.0
4       0.0
       ... 
1491    0.0
1492    0.0
1493    0.0
1494    0.0
1495    0.0
Name: ancient, Length: 1496, dtype: float64"
89,and,"0       0.0
1       0.0
2       0.0
3       0.0
4       0.0
       ... 
1491    0.0
1492    0.0
1493    0.0
1494    0.0
1495    0.0
Name: and, Length: 1496, dtype: float64"
90,anew,"0       0.0
1       0.0
2       0.0
3       0.0
4       0.0
       ... 
1491    0.0
1492    0.0
1493    0.0
1494    0.0
1495    0.0
Name: anew, Length: 1496, dtype: float64"
91,angel,"0       0.0
1       0.0
2       0.0
3       0.0
4       0.0
       ... 
1491    0.0
1492    0.0
1493    0.0
1494    0.0
1495    0.0
Name: angel, Length: 1496, dtype: float64"
92,anger,"0       0.0
1       0.0
2       0.0
3       0.0
4       0.0
       ... 
1491    0.0
1492    0.0
1493    0.0
1494    0.0
1495    0.0
Name: anger, Length: 1496, dtype: float64"
93,angola,"0       0.0
1       0.0
2       0.0
3       0.0
4       0.0
       ... 
1491    0.0
1492    0.0
1493    0.0
1494    0.0
1495    0.0
Name: angola, Length: 1496, dtype: float64"
94,angolan,"0       0.0
1       0.0
2       0.0
3       0.0
4       0.0
       ... 
1491    0.0
1492    0.0
1493    0.0
1494    0.0
1495    0.0
Name: angolan, Length: 1496, dtype: float64"
95,anim,"0       0.0
1       0.0
2       0.0
3       0.0
4       0.0
       ... 
1491    0.0
1492    0.0
1493    0.0
1494    0.0
1495    0.0
Name: anim, Length: 1496, dtype: float64"
96,anjouan,"0       0.0
1       0.0
2       0.0
3       0.0
4       0.0
       ... 
1491    0.0
1492    0.0
1493    0.0
1494    0.0
1495    0.0
Name: anjouan, Length: 1496, dtype: float64"
97,annal,"0       0.0
1       0.0
2       0.0
3       0.0
4       0.0
       ... 
1491    0.0
1492    0.0
1493    0.0
1494    0.0
1495    0.0
Name: annal, Length: 1496, dtype: float64"
98,announc,"0       0.0
1       0.0
2       0.0
3       0.0
4       0.0
       ... 
1491    0.0
1492    0.0
1493    0.0
1494    0.0
1495    0.0
Name: announc, Length: 1496, dtype: float64"
99,anoth,"0       0.0
1       0.0
2       0.0
3       0.0
4       0.0
       ... 
1491    0.0
1492    0.0
1493    0.0
1494    0.0
1495    0.0
Name: anoth, Length: 1496, dtype: float64"
100,answer,"0       0.0
1       0.0
2       0.0
3       0.0
4       0.0
       ... 
1491    0.0
1492    0.0
1493    0.0
1494    0.0
1495    0.0
Name: answer, Length: 1496, dtype: float64"
101,antigua,"0       0.0
1       0.0
2       0.0
3       0.0
4       0.0
       ... 
1491    0.0
1492    0.0
1493    0.0
1494    0.0
1495    0.0
Name: antigua, Length: 1496, dtype: float64"
102,antiqu,"0       0.0
1       0.0
2       0.0
3       0.0
4       0.0
       ... 
1491    0.0
1492    0.0
1493    0.0
1494    0.0
1495    0.0
Name: antiqu, Length: 1496, dtype: float64"
103,anxieti,"0       0.0
1       0.0
2       0.0
3       0.0
4       0.0
       ... 
1491    0.0
1492    0.0
1493    0.0
1494    0.0
1495    0.0
Name: anxieti, Length: 1496, dtype: float64"
104,anyon,"0       0.0
1       0.0
2       0.0
3       0.0
4       0.0
       ... 
1491    0.0
1492    0.0
1493    0.0
1494    0.0
1495    0.0
Name: anyon, Length: 1496, dtype: float64"
105,anyth,"0       0.0
1       0.0
2       0.0
3       0.0
4       0.0
       ... 
1491    0.0
1492    0.0
1493    0.0
1494    0.0
1495    0.0
Name: anyth, Length: 1496, dtype: float64"
106,anywher,"0       0.0
1       0.0
2       0.0
3       0.0
4       0.0
       ... 
1491    0.0
1492    0.0
1493    0.0
1494    0.0
1495    0.0
Name: anywher, Length: 1496, dtype: float64"
107,apart,"0       0.0
1       0.0
2       0.0
3       0.0
4       0.0
       ... 
1491    0.0
1492    0.0
1493    0.0
1494    0.0
1495    0.0
Name: apart, Length: 1496, dtype: float64"
108,appear,"0       0.0
1       0.0
2       0.0
3       0.0
4       0.0
       ... 
1491    0.0
1492    0.0
1493    0.0
1494    0.0
1495    0.0
Name: appear, Length: 1496, dtype: float64"
109,appeareth,"0       0.0
1       0.0
2       0.0
3       0.0
4       0.0
       ... 
1491    0.0
1492    0.0
1493    0.0
1494    0.0
1495    0.0
Name: appeareth, Length: 1496, dtype: float64"
110,appoint,"0       0.0
1       0.0
2       0.0
3       0.0
4       0.0
       ... 
1491    0.0
1492    0.0
1493    0.0
1494    0.0
1495    0.0
Name: appoint, Length: 1496, dtype: float64"
111,aptli,"0       0.0
1       0.0
2       0.0
3       0.0
4       0.0
       ... 
1491    0.0
1492    0.0
1493    0.0
1494    0.0
1495    0.0
Name: aptli, Length: 1496, dtype: float64"
112,arab,"0       0.0
1       0.0
2       0.0
3       0.0
4       0.0
       ... 
1491    0.0
1492    0.0
1493    0.0
1494    0.0
1495    0.0
Name: arab, Length: 1496, dtype: float64"
113,araucanian,"0       0.0
1       0.0
2       0.0
3       0.0
4       0.0
       ... 
1491    0.0
1492    0.0
1493    0.0
1494    0.0
1495    0.0
Name: araucanian, Length: 1496, dtype: float64"
114,archangel,"0       0.0
1       0.0
2       0.0
3       0.0
4       0.0
       ... 
1491    0.0
1492    0.0
1493    0.0
1494    0.0
1495    0.0
Name: archangel, Length: 1496, dtype: float64"
115,ardent,"0       0.0
1       0.0
2       0.0
3       0.0
4       0.0
       ... 
1491    0.0
1492    0.0
1493    0.0
1494    0.0
1495    0.0
Name: ardent, Length: 1496, dtype: float64"
116,ardour,"0       0.0
1       0.0
2       0.0
3       0.0
4       0.0
       ... 
1491    0.0
1492    0.0
1493    0.0
1494    0.0
1495    0.0
Name: ardour, Length: 1496, dtype: float64"
117,arduou,"0       0.0
1       0.0
2       0.0
3       0.0
4       0.0
       ... 
1491    0.0
1492    0.0
1493    0.0
1494    0.0
1495    0.0
Name: arduou, Length: 1496, dtype: float64"
118,argentin,"0       0.0
1       0.0
2       0.0
3       0.0
4       0.0
       ... 
1491    0.0
1492    0.0
1493    0.0
1494    0.0
1495    0.0
Name: argentin, Length: 1496, dtype: float64"
119,argentina,"0       0.0
1       0.0
2       0.0
3       0.0
4       0.0
       ... 
1491    0.0
1492    0.0
1493    0.0
1494    0.0
1495    0.0
Name: argentina, Length: 1496, dtype: float64"
120,aris,"0       0.0
1       0.0
2       0.0
3       0.0
4       0.0
       ... 
1491    0.0
1492    0.0
1493    0.0
1494    0.0
1495    0.0
Name: aris, Length: 1496, dtype: float64"
121,arm,"0       0.0
1       0.0
2       0.0
3       0.0
4       0.0
       ... 
1491    0.0
1492    0.0
1493    0.0
1494    0.0
1495    0.0
Name: arm, Length: 1496, dtype: float64"
122,armenia,"0       0.0
1       0.0
2       0.0
3       0.0
4       0.0
       ... 
1491    0.0
1492    0.0
1493    0.0
1494    0.0
1495    0.0
Name: armenia, Length: 1496, dtype: float64"
123,armi,"0       0.0
1       0.0
2       0.0
3       0.0
4       0.0
       ... 
1491    0.0
1492    0.0
1493    0.0
1494    0.0
1495    0.0
Name: armi, Length: 1496, dtype: float64"
124,armor,"0       0.0
1       0.0
2       0.0
3       0.0
4       0.0
       ... 
1491    0.0
1492    0.0
1493    0.0
1494    0.0
1495    0.0
Name: armor, Length: 1496, dtype: float64"
125,armour,"0       0.0
1       0.0
2       0.0
3       0.0
4       0.0
       ... 
1491    0.0
1492    0.0
1493    0.0
1494    0.0
1495    0.0
Name: armour, Length: 1496, dtype: float64"
126,aroma,"0       0.0
1       0.0
2       0.0
3       0.0
4       0.0
       ... 
1491    0.0
1492    0.0
1493    0.0
1494    0.0
1495    0.0
Name: aroma, Length: 1496, dtype: float64"
127,aros,"0       0.0
1       0.0
2       0.0
3       0.0
4       0.0
       ... 
1491    0.0
1492    0.0
1493    0.0
1494    0.0
1495    0.0
Name: aros, Length: 1496, dtype: float64"
128,around,"0       0.27391
1       0.00000
2       0.00000
3       0.00000
4       0.00000
         ...   
1491    0.00000
1492    0.00000
1493    0.00000
1494    0.00000
1495    0.00000
Name: around, Length: 1496, dtype: float64"
129,arous,"0       0.0
1       0.0
2       0.0
3       0.0
4       0.0
       ... 
1491    0.0
1492    0.0
1493    0.0
1494    0.0
1495    0.0
Name: arous, Length: 1496, dtype: float64"
130,arriv,"0       0.0
1       0.0
2       0.0
3       0.0
4       0.0
       ... 
1491    0.0
1492    0.0
1493    0.0
1494    0.0
1495    0.0
Name: arriv, Length: 1496, dtype: float64"
131,arrog,"0       0.0
1       0.0
2       0.0
3       0.0
4       0.0
       ... 
1491    0.0
1492    0.0
1493    0.0
1494    0.0
1495    0.0
Name: arrog, Length: 1496, dtype: float64"
132,arrow,"0       0.0
1       0.0
2       0.0
3       0.0
4       0.0
       ... 
1491    0.0
1492    0.0
1493    0.0
1494    0.0
1495    0.0
Name: arrow, Length: 1496, dtype: float64"
133,art,"0       0.0
1       0.0
2       0.0
3       0.0
4       0.0
       ... 
1491    0.0
1492    0.0
1493    0.0
1494    0.0
1495    0.0
Name: art, Length: 1496, dtype: float64"
134,ascend,"0       0.0
1       0.0
2       0.0
3       0.0
4       0.0
       ... 
1491    0.0
1492    0.0
1493    0.0
1494    0.0
1495    0.0
Name: ascend, Length: 1496, dtype: float64"
135,ash,"0       0.0
1       0.0
2       0.0
3       0.0
4       0.0
       ... 
1491    0.0
1492    0.0
1493    0.0
1494    0.0
1495    0.0
Name: ash, Length: 1496, dtype: float64"
136,asia,"0       0.0
1       0.0
2       0.0
3       0.0
4       0.0
       ... 
1491    0.0
1492    0.0
1493    0.0
1494    0.0
1495    0.0
Name: asia, Length: 1496, dtype: float64"
137,ask,"0       0.0
1       0.0
2       0.0
3       0.0
4       0.0
       ... 
1491    0.0
1492    0.0
1493    0.0
1494    0.0
1495    0.0
Name: ask, Length: 1496, dtype: float64"
138,asleep,"0       0.0
1       0.0
2       0.0
3       0.0
4       0.0
       ... 
1491    0.0
1492    0.0
1493    0.0
1494    0.0
1495    0.0
Name: asleep, Length: 1496, dtype: float64"
139,aspir,"0       0.0
1       0.0
2       0.0
3       0.0
4       0.0
       ... 
1491    0.0
1492    0.0
1493    0.0
1494    0.0
1495    0.0
Name: aspir, Length: 1496, dtype: float64"
140,assail,"0       0.0
1       0.0
2       0.0
3       0.0
4       0.0
       ... 
1491    0.0
1492    0.0
1493    0.0
1494    0.0
1495    0.0
Name: assail, Length: 1496, dtype: float64"
141,assassin,"0       0.0
1       0.0
2       0.0
3       0.0
4       0.0
       ... 
1491    0.0
1492    0.0
1493    0.0
1494    0.0
1495    0.0
Name: assassin, Length: 1496, dtype: float64"
142,assent,"0       0.0
1       0.0
2       0.0
3       0.0
4       0.0
       ... 
1491    0.0
1492    0.0
1493    0.0
1494    0.0
1495    0.0
Name: assent, Length: 1496, dtype: float64"
143,assidu,"0       0.0
1       0.0
2       0.0
3       0.0
4       0.0
       ... 
1491    0.0
1492    0.0
1493    0.0
1494    0.0
1495    0.0
Name: assidu, Length: 1496, dtype: float64"
144,astonish,"0       0.0
1       0.0
2       0.0
3       0.0
4       0.0
       ... 
1491    0.0
1492    0.0
1493    0.0
1494    0.0
1495    0.0
Name: astonish, Length: 1496, dtype: float64"
145,atlant,"0       0.0
1       0.0
2       0.0
3       0.0
4       0.0
       ... 
1491    0.0
1492    0.0
1493    0.0
1494    0.0
1495    0.0
Name: atlant, Length: 1496, dtype: float64"
146,atmospher,"0       0.0
1       0.0
2       0.0
3       0.0
4       0.0
       ... 
1491    0.0
1492    0.0
1493    0.0
1494    0.0
1495    0.0
Name: atmospher, Length: 1496, dtype: float64"
147,atom,"0       0.0
1       0.0
2       0.0
3       0.0
4       0.0
       ... 
1491    0.0
1492    0.0
1493    0.0
1494    0.0
1495    0.0
Name: atom, Length: 1496, dtype: float64"
148,atop,"0       0.0
1       0.0
2       0.0
3       0.0
4       0.0
       ... 
1491    0.0
1492    0.0
1493    0.0
1494    0.0
1495    0.0
Name: atop, Length: 1496, dtype: float64"
149,atroci,"0       0.0
1       0.0
2       0.0
3       0.0
4       0.0
       ... 
1491    0.0
1492    0.0
1493    0.0
1494    0.0
1495    0.0
Name: atroci, Length: 1496, dtype: float64"
150,attain,"0       0.0
1       0.0
2       0.0
3       0.0
4       0.0
       ... 
1491    0.0
1492    0.0
1493    0.0
1494    0.0
1495    0.0
Name: attain, Length: 1496, dtype: float64"
151,attempt,"0       0.0
1       0.0
2       0.0
3       0.0
4       0.0
       ... 
1491    0.0
1492    0.0
1493    0.0
1494    0.0
1495    0.0
Name: attempt, Length: 1496, dtype: float64"
152,attend,"0       0.0
1       0.0
2       0.0
3       0.0
4       0.0
       ... 
1491    0.0
1492    0.0
1493    0.0
1494    0.0
1495    0.0
Name: attend, Length: 1496, dtype: float64"
153,audac,"0       0.0
1       0.0
2       0.0
3       0.0
4       0.0
       ... 
1491    0.0
1492    0.0
1493    0.0
1494    0.0
1495    0.0
Name: audac, Length: 1496, dtype: float64"
154,august,"0       0.0
1       0.0
2       0.0
3       0.0
4       0.0
       ... 
1491    0.0
1492    0.0
1493    0.0
1494    0.0
1495    0.0
Name: august, Length: 1496, dtype: float64"
155,auspici,"0       0.0
1       0.0
2       0.0
3       0.0
4       0.0
       ... 
1491    0.0
1492    0.0
1493    0.0
1494    0.0
1495    0.0
Name: auspici, Length: 1496, dtype: float64"
156,australia,"0       0.0
1       0.0
2       0.0
3       0.0
4       0.0
       ... 
1491    0.0
1492    0.0
1493    0.0
1494    0.0
1495    0.0
Name: australia, Length: 1496, dtype: float64"
157,australian,"0       0.0
1       0.0
2       0.0
3       0.0
4       0.0
       ... 
1491    0.0
1492    0.0
1493    0.0
1494    0.0
1495    0.0
Name: australian, Length: 1496, dtype: float64"
158,austria,"0       0.0
1       0.0
2       0.0
3       0.0
4       0.0
       ... 
1491    0.0
1492    0.0
1493    0.0
1494    0.0
1495    0.0
Name: austria, Length: 1496, dtype: float64"
159,autumn,"0       0.0
1       0.0
2       0.0
3       0.0
4       0.0
       ... 
1491    0.0
1492    0.0
1493    0.0
1494    0.0
1495    0.0
Name: autumn, Length: 1496, dtype: float64"
160,aveng,"0       0.0
1       0.0
2       0.0
3       0.0
4       0.0
       ... 
1491    0.0
1492    0.0
1493    0.0
1494    0.0
1495    0.0
Name: aveng, Length: 1496, dtype: float64"
161,avert,"0       0.0
1       0.0
2       0.0
3       0.0
4       0.0
       ... 
1491    0.0
1492    0.0
1493    0.0
1494    0.0
1495    0.0
Name: avert, Length: 1496, dtype: float64"
162,avoid,"0       0.0
1       0.0
2       0.0
3       0.0
4       0.0
       ... 
1491    0.0
1492    0.0
1493    0.0
1494    0.0
1495    0.0
Name: avoid, Length: 1496, dtype: float64"
163,await,"0       0.0
1       0.0
2       0.0
3       0.0
4       0.0
       ... 
1491    0.0
1492    0.0
1493    0.0
1494    0.0
1495    0.0
Name: await, Length: 1496, dtype: float64"
164,awak,"0       0.0
1       0.0
2       0.0
3       0.0
4       0.0
       ... 
1491    0.0
1492    0.0
1493    0.0
1494    0.0
1495    0.0
Name: awak, Length: 1496, dtype: float64"
165,awaken,"0       0.0
1       0.0
2       0.0
3       0.0
4       0.0
       ... 
1491    0.0
1492    0.0
1493    0.0
1494    0.0
1495    0.0
Name: awaken, Length: 1496, dtype: float64"
166,away,"0       0.0
1       0.0
2       0.0
3       0.0
4       0.0
       ... 
1491    0.0
1492    0.0
1493    0.0
1494    0.0
1495    0.0
Name: away, Length: 1496, dtype: float64"
167,awe,"0       0.0
1       0.0
2       0.0
3       0.0
4       0.0
       ... 
1491    0.0
1492    0.0
1493    0.0
1494    0.0
1495    0.0
Name: awe, Length: 1496, dtype: float64"
168,awesom,"0       0.0
1       0.0
2       0.0
3       0.0
4       0.0
       ... 
1491    0.0
1492    0.0
1493    0.0
1494    0.0
1495    0.0
Name: awesom, Length: 1496, dtype: float64"
169,awic,"0       0.0
1       0.0
2       0.0
3       0.0
4       0.0
       ... 
1491    0.0
1492    0.0
1493    0.0
1494    0.0
1495    0.0
Name: awic, Length: 1496, dtype: float64"
170,ayacucho,"0       0.0
1       0.0
2       0.0
3       0.0
4       0.0
       ... 
1491    0.0
1492    0.0
1493    0.0
1494    0.0
1495    0.0
Name: ayacucho, Length: 1496, dtype: float64"
171,aye,"0       0.0
1       0.0
2       0.0
3       0.0
4       0.0
       ... 
1491    0.0
1492    0.0
1493    0.0
1494    0.0
1495    0.0
Name: aye, Length: 1496, dtype: float64"
172,ayia,"0       0.0
1       0.0
2       0.0
3       0.0
4       0.0
       ... 
1491    0.0
1492    0.0
1493    0.0
1494    0.0
1495    0.0
Name: ayia, Length: 1496, dtype: float64"
173,ayr,"0       0.0
1       0.0
2       0.0
3       0.0
4       0.0
       ... 
1491    0.0
1492    0.0
1493    0.0
1494    0.0
1495    0.0
Name: ayr, Length: 1496, dtype: float64"
174,azerbaijan,"0       0.0
1       0.0
2       0.0
3       0.0
4       0.0
       ... 
1491    0.0
1492    0.0
1493    0.0
1494    0.0
1495    0.0
Name: azerbaijan, Length: 1496, dtype: float64"
175,back,"0       0.0
1       0.0
2       0.0
3       0.0
4       0.0
       ... 
1491    0.0
1492    0.0
1493    0.0
1494    0.0
1495    0.0
Name: back, Length: 1496, dtype: float64"
176,backsword,"0       0.0
1       0.0
2       0.0
3       0.0
4       0.0
       ... 
1491    0.0
1492    0.0
1493    0.0
1494    0.0
1495    0.0
Name: backsword, Length: 1496, dtype: float64"
177,baekdu,"0       0.0
1       0.0
2       0.0
3       0.0
4       0.0
       ... 
1491    0.0
1492    0.0
1493    0.0
1494    0.0
1495    0.0
Name: baekdu, Length: 1496, dtype: float64"
178,bahman,"0       0.0
1       0.0
2       0.0
3       0.0
4       0.0
       ... 
1491    0.0
1492    0.0
1493    0.0
1494    0.0
1495    0.0
Name: bahman, Length: 1496, dtype: float64"
179,bahrain,"0       0.0
1       0.0
2       0.0
3       0.0
4       0.0
       ... 
1491    0.0
1492    0.0
1493    0.0
1494    0.0
1495    0.0
Name: bahrain, Length: 1496, dtype: float64"
180,balkan,"0       0.0
1       0.0
2       0.0
3       0.0
4       0.0
       ... 
1491    0.0
1492    0.0
1493    0.0
1494    0.0
1495    0.0
Name: balkan, Length: 1496, dtype: float64"
181,baluch,"0       0.0
1       0.0
2       0.0
3       0.0
4       0.0
       ... 
1491    0.0
1492    0.0
1493    0.0
1494    0.0
1495    0.0
Name: baluch, Length: 1496, dtype: float64"
182,band,"0       0.0
1       0.0
2       0.0
3       0.0
4       0.0
       ... 
1491    0.0
1492    0.0
1493    0.0
1494    0.0
1495    0.0
Name: band, Length: 1496, dtype: float64"
183,banda,"0       0.0
1       0.0
2       0.0
3       0.0
4       0.0
       ... 
1491    0.0
1492    0.0
1493    0.0
1494    0.0
1495    0.0
Name: banda, Length: 1496, dtype: float64"
184,banish,"0       0.0
1       0.0
2       0.0
3       0.0
4       0.0
       ... 
1491    0.0
1492    0.0
1493    0.0
1494    0.0
1495    0.0
Name: banish, Length: 1496, dtype: float64"
185,bank,"0       0.0
1       0.0
2       0.0
3       0.0
4       0.0
       ... 
1491    0.0
1492    0.0
1493    0.0
1494    0.0
1495    0.0
Name: bank, Length: 1496, dtype: float64"
186,banner,"0       0.00000
1       0.00000
2       0.00000
3       0.00000
4       0.00000
         ...   
1491    0.00000
1492    0.00000
1493    0.20807
1494    0.00000
1495    0.00000
Name: banner, Length: 1496, dtype: float64"
187,bantu,"0       0.0
1       0.0
2       0.0
3       0.0
4       0.0
       ... 
1491    0.0
1492    0.0
1493    0.0
1494    0.0
1495    0.0
Name: bantu, Length: 1496, dtype: float64"
188,banyan,"0       0.0
1       0.0
2       0.0
3       0.0
4       0.0
       ... 
1491    0.0
1492    0.0
1493    0.0
1494    0.0
1495    0.0
Name: banyan, Length: 1496, dtype: float64"
189,barahawi,"0       0.0
1       0.0
2       0.0
3       0.0
4       0.0
       ... 
1491    0.0
1492    0.0
1493    0.0
1494    0.0
1495    0.0
Name: barahawi, Length: 1496, dtype: float64"
